loginDeets,happysaturday,seanomeara
TopNav,,
BottomNav,,
sign up form,,
signup function,,
Sign in form,,
Sign in function,,
SignOut button,,
Sign out function,,
must be logged in function,,
must be admin function,,
Register Business form,,
single business page,,
isvisitor owner function,,
edit business function,,
register business funtion,,
recently added feed,,
recently added query,,
add product form,,
add product function,,
single product page,,
product feed,,
product feed query,,
add service form,,
add service function,,
single service page,,
service feed,,
service feed query,,
